package,name,composable,skippable,restartable,readonly,inline,isLambda,hasDefaults,defaultsGroup,groups,calls,
com.github.slavikjunior.weatherapp.WeatherApp,WeatherApp,1,1,1,0,0,0,0,0,4,4,
com.github.slavikjunior.weatherapp.presentation.screen.onboarding.OnboardingBottomSheet,OnboardingBottomSheet,1,1,1,0,0,0,0,0,1,6,
com.github.slavikjunior.weatherapp.presentation.screen.ringchart.RingChart,RingChart,1,1,1,0,0,0,0,0,1,1,
com.github.slavikjunior.weatherapp.presentation.screen.ringchart.RingChartScreen,RingChartScreen,1,1,1,0,0,0,0,0,1,1,
com.github.slavikjunior.weatherapp.presentation.screen.weatherByCity.WeatherByCity,WeatherByCity,1,1,1,0,0,0,0,0,1,1,
com.github.slavikjunior.weatherapp.presentation.screen.weatherByCity.InnerWeatherByCity,InnerWeatherByCity,1,1,1,0,0,0,1,0,2,6,
com.github.slavikjunior.weatherapp.presentation.screen.weatherByCity.LoadingContent,LoadingContent,1,1,1,0,0,0,0,0,1,1,
com.github.slavikjunior.weatherapp.presentation.screen.weatherByCity.ErrorContent,ErrorContent,1,1,1,0,0,0,0,0,1,1,
com.github.slavikjunior.weatherapp.presentation.screen.weatherByCity.WeatherContent,WeatherContent,1,1,1,0,0,0,0,0,1,1,
com.github.slavikjunior.weatherapp.presentation.screen.weatherByCity.WeatherDisplay,WeatherDisplay,1,1,1,0,0,0,0,0,1,1,
com.github.slavikjunior.weatherapp.presentation.screen.weatherByCity.StatCard,StatCard,1,1,1,0,0,0,0,0,1,1,
com.github.slavikjunior.weatherapp.presentation.screen.weatherByCity.SearchBar,SearchBar,1,1,1,0,0,0,0,0,1,1,
com.github.slavikjunior.weatherapp.presentation.screen.weatherDetail.WeatherDetail,WeatherDetail,1,1,1,0,0,0,0,0,1,1,
com.github.slavikjunior.weatherapp.presentation.screen.weatherDetail.InnerWeatherDetail,InnerWeatherDetail,1,1,1,0,0,0,1,0,2,5,
com.github.slavikjunior.weatherapp.presentation.screen.weatherDetail.LoadingContent,LoadingContent,1,1,1,0,0,0,0,0,1,1,
com.github.slavikjunior.weatherapp.presentation.screen.weatherDetail.ErrorContent,ErrorContent,1,1,1,0,0,0,0,0,1,1,
com.github.slavikjunior.weatherapp.presentation.screen.weatherDetail.DetailContent,DetailContent,1,1,1,0,0,0,0,0,1,2,
com.github.slavikjunior.weatherapp.presentation.screen.weatherDetail.WeatherDetailDisplay,WeatherDetailDisplay,1,1,1,0,0,0,0,0,1,1,
com.github.slavikjunior.weatherapp.presentation.screen.weatherDetail.DetailRow,DetailRow,1,1,1,0,0,0,0,0,1,1,
com.github.slavikjunior.weatherapp.presentation.screen.weatherDetail.SunCard,SunCard,1,1,1,0,0,0,0,0,1,1,
com.github.slavikjunior.weatherapp.presentation.ui.theme.WeatherAppTheme,WeatherAppTheme,1,1,1,0,0,0,1,0,2,2,
